Países/Territórios|USE
32700|CUBA
88509900|BRAZIL
(Argentina)|ARGENTINA
(Chile|CHILE
(India|INDIA
(Venezuela)|VENEZUELA
, Brasil|BRAZIL
, Chile|CHILE
, People's Republic of China|PEOPLES R CHINA
, Reino Unido|UNITED KIGDOM
, República Argentina|ARGENTINA
, South Africa|SOUTH AFRICA
, United States|USA
, United States of America|USA
. Argentina|ARGENTINA
. Chile|CHILE
. España|SPAIN
. Venezuela|VENEZUELA
<A HREF="mailto:imartins@usp.br">imartins@usp.br</A>|BRAZIL
<A HREF="mailto:levy@incaper.es.gov.br">levy@incaper.es.gov.br</A>|BRAZIL
<a href="mailto:mariaelenaneira@hotmail.com">mariaelenaneira@hotmail.com</a>|CHILE
<A HREF="mailto:rquinone@udec.cl%20">rquinone@udec.cl </A>|CHILE
<Chile</|CHILE
01402 971|BRAZIL
01402-971|BRAZIL
05015 901|BRAZIL
05015-901|BRAZIL
05508 900|BRAZIL
05508-900|BRAZIL
05508-901|BRAZIL
13084 971|BRAZIL
13084-971|BRAZIL
13460-000|BRAZIL
13560 970|BRAZIL
13560-970|BRAZIL
13565-905|BRAZIL
13635 900|BRAZIL
13635-900|BRAZIL
15385 000|BRAZIL
15385-000|BRAZIL
18618 000|BRAZIL
18618 970|BRAZIL
18618-000|BRAZIL
18618-970|BRAZIL
21040 360|BRAZIL
21040-360|BRAZIL
21041 210|BRAZIL
21041-210|BRAZIL
21615 220|BRAZIL
21615-220|BRAZIL
21941 909|BRAZIL
21941-909|BRAZIL
23851-970|BRAZIL
28013 602|BRAZIL
28013-602|BRAZIL
28360-000|BRAZIL
29075 010|BRAZIL
29075-010|BRAZIL
29102-770|BRAZIL
30130-007|BRAZIL
30160 030|BRAZIL
30160-030|BRAZIL
36571 000|BRAZIL
36571-000|BRAZIL
37200 000|BRAZIL
37200-000|BRAZIL
39400-401|BRAZIL
49080 470|BRAZIL
49080-470|BRAZIL
49100 000|BRAZIL
49100-000|BRAZIL
50670 420|BRAZIL
50670 901|BRAZIL
50670-420|BRAZIL
50670-901|BRAZIL
52171 900|BRAZIL
52171-900|BRAZIL
58109 970|BRAZIL
58109-970|BRAZIL
58390 000|BRAZIL
58390-000|BRAZIL
58397 000|BRAZIL
58397-000|BRAZIL
58700 000|BRAZIL
58700-000|BRAZIL
59 059 900|BRAZIL
59.059-900|BRAZIL
59072 970|BRAZIL
59072-970|BRAZIL
59625 900|BRAZIL
59625-900|BRAZIL
68743 080|BRAZIL
68743-080|BRAZIL
70610 200|BRAZIL
70610-200|BRAZIL
72002 970|BRAZIL
72002-970|BRAZIL
74001 970|BRAZIL
74001-970|BRAZIL
74605 050|BRAZIL
74605-050|BRAZIL
76940 000|BRAZIL
76940-000|BRAZIL
77400 000|BRAZIL
77400-000|BRAZIL
79106 550|BRAZIL
79106-550|BRAZIL
79320 900|BRAZIL
79320-900|BRAZIL
80 100|CUBA
81531 990|BRAZIL
81531-990|BRAZIL
85960 000|BRAZIL
85960-000|BRAZIL
88010 970|BRAZIL
88010-970|BRAZIL
88035 001|BRAZIL
88035-001|BRAZIL
88062 025|BRAZIL
88062-025|BRAZIL
88520 000|BRAZIL
88520-000|BRAZIL
89809 000|BRAZIL
89809-000|BRAZIL
90035 003|BRAZIL
90035-003|BRAZIL
90050-170|BRAZIL
90619-900|BRAZIL
96010 900|BRAZIL
96010-900|BRAZIL
96201 900|BRAZIL
96201-900|BRAZIL
97105 900|BRAZIL
97105-900|BRAZIL
A Coruña|SPAIN
A HREF MAILTO IMARTINS USP BR IMARTINS USP BR A|BRAZIL
A HREF MAILTO LEVY INCAPER ES GOV BR LEVY INCAPER ES GOV BR A|BRAZIL
A HREF MAILTO MARIAELENANEIRA HOTMAIL COM MARIAELENANEIRA HOTMAIL COM A|BRAZIL
ACORES|PORTUGAL
Açores|PORTUGAL
Adelaide|AUSTRALIA
ADELI SERCOMTEL COM BR|BRAZIL
adeli@sercomtel.com.br|BRAZIL
AFCIRELLI FVET UBA AR|BRAZIL
afcirelli@fvet.uba.ar|ARGENTINA
AFGHANISTAN|AFGHANISTAN
AFRICA|SOUTH AFRICA
África|SOUTH AFRICA
AFRICA DO SUL|SOUTH AFRICA
África do Sul|SOUTH AFRICA
AGENTINA|ARGENTINA
AHMEDABAD|INDIA
AIRES ARGENTINA|ARGENTINA
AK|USA
AL|BRAZIL
ALAGOAS|BRAZIL
ALASKA|USA
ALBANIA|ALBANIA
ALEMANHA|GERMANY
Alemanha Ocidental|GERMANY
ALEMANIA|GERMANY
Alemania Federal|GERMANY
ALGERIA|ALGERIA
ALGERIE|ALGERIA
Algérie|ALGERIA
ALGÉRIE|ALGERIA
ALTO BIOBIO|CHILE
AM|BRAZIL
AMARTINR US ES|SPAIN
amartinr@us.es|SPAIN
AMAZONAS|BRAZIL
ANDAMAN AND NICOBAR ISLANDS|INDIA
ANDORRA|ANDORRA
ANGOLA|ANGOLA
ANTIGUA AND BARBUDA|ANTIGUA BARBU
ANTIGUA BARBU|ANTIGUA BARBU
ANTIOQUIA|COLOMBIA
ANTOFAGASTA|CHILE
AR|ARGENTINA
Arabia|U ARAB EMIRATES
ARABIA SAUDITA|SAUDI ARABIA
Arábia Saudita|SAUDI ARABIA
ARAGUA|VENEZUELA
ARG|ARGENTINA
Arg.|ARGENTINA
ARGELIA|ALGERIA
Argenina|ARGENTINA
ARGENITNA|ARGENTINA
ARGENTIN|ARGENTINA
ARGENTINA|ARGENTINA
¬Argentina|ARGENTINA
Ar¬gentina|ARGENTINA
ARGENTINA A NAME BM A|ARGENTINA
ARGENTINA A NAME BM2 A|ARGENTINA
Argentina,|ARGENTINA
Argentina.|ARGENTINA
Argentina<A NAME="BM_"></A>|ARGENTINA
Argentina<A NAME="BM2"></A>|ARGENTINA
ARGENTINE|ARGENTINA
ARGENTINE REPUBLIC|ARGENTINA
ARGENTITINA|ARGENTINA
ARGETINA|ARGENTINA
ARMENIA|ARMENIA
ARQENTINA|ARGENTINA
ASTURIAS|SPAIN
AUSTRALIA|AUSTRALIA
Austrália|AUSTRALIA
Australia.|AUSTRALIA
AUSTRIA|AUSTRIA
Áustria|AUSTRIA
Àustria|AUSTRIA
Autralia|AUSTRALIA
AVEIRO|PORTUGAL
AVRMLCCR EERP USP BR|BRAZIL
avrmlccr@eerp.usp.br|BRAZIL
BA|BRAZIL
BAHAMAS|BAHAMAS
BAHIA|BRAZIL
BAHRAIN|BAHRAIN
BAJA CALIFORNIA MEXICO|MEXICO
Baja California México|MEXICO
BANGKOK THAILAND|THAILAND
BANGLADESH|BANGLADESH
BARBADOS|BARBADOS
BARCELONA|SPAIN
BARSIL|BRAZIL
BARZIL|BRAZIL
BASIL|BRAZIL
BEGIUM|BELGIUM
BELARUS|BELARUS
BELGICA|BELGIUM
BÉLGICA|BELGIUM
Bélgica|BELGIUM
België|BELGIUM
BELGIQUE|BELGIUM
BELGIUM|BELGIUM
BELICE|BELIZE
BELIZE|BELIZE
BENIN|BENIN
Bénin|BENIN
BERLIN|GERMANY
BHUTAN|BHUTAN
BOGOTA|COLOMBIA
Bogotá|COLOMBIA
BOLIVIA|BOLIVIA
Bolívia|BOLIVIA
Bolivie|BOLIVIA
BOSNIA AND HERZEGOVINA|BOSNIA HERCEG
BOSNIA HERCEG|BOSNIA HERCEG
BOTSWANA|BOTSWANA
BOTUCATU|BRAZIL
BOYACA|COLOMBIA
Boyacá|COLOMBIA
BR|BRAZIL
BRA SIL|BRAZIL
BRAIL|BRAZIL
BRAISL|BRAZIL
BRAS|BRAZIL
BRASI|BRAZIL
BRASI L|BRAZIL
Brasi.l|BRAZIL
BRASIL|BRAZIL
Brasíl|BRAZIL
Brasil,|BRAZIL
Brasil.|BRAZIL
Brasil;|BRAZIL
BRASILB|BRAZIL
BRASILE|BRAZIL
BRASILIA|BRAZIL
Brasília|BRAZIL
BRASILL|BRAZIL
BRASILS|BRAZIL
BRASL|BRAZIL
BRASSIL|BRAZIL
BRAZI|BRAZIL
Brazi.l|BRAZIL
Brazi1|BRAZIL
BRAZIL|BRAZIL
Brazíl|BRAZIL
Brâzil|BRAZIL
BRAZIL E MAIL|BRAZIL
Brazil e-mail|BRAZIL
Brazil.|BRAZIL
Brazil<|BRAZIL
BRAZILI|BRAZIL
BRAZILIL|BRAZIL
BRAZILL|BRAZIL
Brazli|BRAZIL
BRESIL|BRAZIL
Brésil|BRAZIL
BRISTOL|ENGLAND
BRITISH WEST INDIES|WEST INDIES
BRSIL|BRAZIL
BRTASIL|BRAZIL
BRUXELLES|BELGIUM
BRZAIL|BRAZIL
BRZIL|BRAZIL
BUCARAMANGA|COLOMBIA
BUENOS AIRES|ARGENTINA
BULGARIA|BULGARIA
Bulgária|BULGARIA
BULGARY|BULGARIA
BURKINA|BURKINA FASO
BURKINA FASO|BURKINA FASO
Burundi|BURUNDI
C R|COSTA RICA
C.R|COSTA RICA
CABO VERDE|CAPE VERDE
Cáceres|BRAZIL
CADIZ|SPAIN
Cádiz|SPAIN
CALI|COLOMBIA
CALIFORNIA|USA
CAMAGUEY|CUBA
Camagüey|CUBA
CAMBODIA|CAMBODIA
CAMEROON|CAMEROON
CAMEROUN|CAMEROON
CAMERUN|CAMEROON
Camerún|CAMEROON
Campinas|BRAZIL
CANADA|CANADA
Canadá|CANADA
canadá|CANADA
CANADÁ|CANADA
Canada,|CANADA
Canadan|CANADA
Cape Town|SOUTH AFRICA
CAPE VERDE|CAPE VERDE
CARABOBO|VENEZUELA
CARACAS|VENEZUELA
carlos@icb2.ufg.br|BRAZIL
CARVALHO UFRRJ BR|BRAZIL
carvalho@ufrrj.br|BRAZIL
CATAR|QATAR
CAYMAN ISLANDS|W IND ASSOC ST
CCOLOMBIA|COLOMBIA
CE|BRAZIL
CEARA|BRAZIL
Ceará|BRAZIL
CENT AFR REPUBL|CENT AFR REPUBL
CENTRAL AFRICAN REPUBLIC|CENT AFR REPUBL
CF10 3AX|UNITED KINGDOM
CHAD|CHAD
CHANIA GREECE|GREECE
Chania,Greece|GREECE
Cheshire|UNITED KIGDOM
CHIAPAS|MEXICO
Chicago|USA
CHIILE|CHILE
CHIL|CHILE
CHILA|CHILE
CHILE|CHILE
Chíle|CHILE
Chile <A NAME="medicina"></A>|CHILE
Chile <A NAME="servicio"></A>|CHILE
Chile <a name=BM4></a>|CHILE
CHILE A NAME AF4 A|CHILE
CHILE A NAME BM3 A|CHILE
CHILE A NAME BM4 A|CHILE
CHILE A NAME MEDICINA A|CHILE
CHILE A NAME SERVICIO A|CHILE
CHILE A NAME Z A|CHILE
Chile,|CHILE
Chile.|CHILE
CHILE.|CHILE
Chile<|CHILE
Chile<A NAME="a2"></A>|CHILE
Chile<A NAME="af4"></A>|CHILE
Chile<A NAME="BM3"></A>|CHILE
Chile<A NAME="z"></A>|CHILE
CHILLAN|CHILE
Chillán|CHILE
CHILLE|CHILE
CHIN|PEOPLES R CHINA
CHINA|PEOPLES R CHINA
CHINESE TAIWAN|TAIWAN
CHIPRE|CYPRUS
CHLILE E MAIL|CHILE
Chlile. e-mail|CHILE
CHOCO|COLOMBIA
Chocó|COLOMBIA
CIUDAD DE LA HABANA|CUBA
CIUDAD DE MEXICO|MEXICO
Ciudad de México|MEXICO
CLARA|CUBA
COAHUILA|MEXICO
COL|COLOMBIA
COLOBIA|COLOMBIA
Colom|COLOMBIA
COLOMBI|COLOMBIA
COLOMBI A|COLOMBIA
COLOMBIA|COLOMBIA
Colombía|COLOMBIA
Colômbia|COLOMBIA
COLOMBIA S A|COLOMBIA
Colombia S.A|COLOMBIA
Colombia)|COLOMBIA
Colombia.|COLOMBIA
COLOMBIE|COLOMBIA
COLUMBIA|COLOMBIA
CONCEPCIO|CHILE
Concepció|CHILE
CONCEPCION|CHILE
Concepción|CHILE
CONGO|CONGO
CONNECTICUT|USA
CORDOBA|SPAIN
Córdoba|SPAIN
Corea|SOUTH KOREA
COREIA|SOUTH KOREA
COREIA DO SUL|SOUTH KOREA
Coréia do Sul|SOUTH KOREA
CORREO|CUBA
CORRESPONDENCIA|MEXICO
COSA RICA|COSTA RICA
COSTA|COSTA RICA
Costa - Rica|COSTA RICA
COSTA RIC|COSTA RICA
COSTA RICA|COSTA RICA
Costa Rica.|COSTA RICA
CostaRica|COSTA RICA
COTE D IVOIRE|COTE IVOIRE
Cotê d´Ivoire|COTE IVOIRE
Côte d’Ivoire|COTE IVOIRE
Côte d'Ivoire|COTE IVOIRE
Côte D'ivoire|COTE IVOIRE
Cote d'lvoire|COTE IVOIRE
Cóte d'lvoire|COTE IVOIRE
CROACIA|CROATIA
CROATIA|CROATIA
CUB|CUBA
CUBA|CUBA
CUBA A NAME CARGO A|CUBA
Cuba,|CUBA
Cuba.|CUBA
Cuba..|CUBA
Cuba<A NAME="cargo"></A>|CUBA
Cubana|CUBA
CUNDINAMARCA|DENMARK
CURITIBA|BRAZIL
CYPRUS|CYPRUS
CZECH REPUBLIC|CZECH REPUBLIC
Czechoslovakia|CZECH REPUBLIC
Czeochoslovakia|CZECH REPUBLIC
D F MEXICO|MEXICO
D.F.-México|MEXICO
DC|USA
DEMOCRATIC REPUBLIC OF CONGO|ZAIRE
DEMOCRATIC REPUBLIC OF THE CONGO|ZAIRE
DENMARK|DENMARK
DEUTCHLAND|GERMANY
DEUTSCHLAND|GERMANY
DINAMARCA|DENMARK
DK|DENMARK
DOHA|QATAR
DOMINICA|DOMINICA
DOMINICAN REP|DOMINICAN REP
DOMINICAN REPUBLIC|DOMINICAN REP
DRC|ZAIRE
DUBAI|U ARAB EMIRATES
Durban|SOUTH AFRICA
E Cape|SOUTH AFRICA
E E U U|USA
E MAIL|BRAZIL
E U A|USA
E. U. A|USA
E. U. A.|USA
E.E. U.U.|USA
E.E.U.U|USA
E.E.U.U.|USA
E.U.|USA
E.U.A|USA
E.U.A.|USA
EAU|U ARAB EMIRATES
ECUADOR|ECUADOR
EDO DE MEXICO|MEXICO
EDO VENEZUELA|VENEZUELA
edo. de México|MEXICO
Edo. Miranda|VENEZUELA
Edo. Venezuela|VENEZUELA
EE U|USA
EE UU|USA
EE. UU|USA
EE. UU.|USA
EE.U|USA
EE.UU|USA
EE.UU.|USA
EE.UU. de Norteamérica|USA
EE:UU|USA
EEEU|USA
EESPANA|SPAIN
Eespaña|SPAIN
EEUU|USA
EGIPTO|EGYPT
EGITO|EGYPT
EGYPT|EGYPT
EL SALVADOR|EL SALVADOR
EL SALVADOR LA REVISTA DE LA ASOCIACION SALVADORENA DE CARDIOLOGIA SE EDITO EN EL PERIODO 2003 2005|EL SALVADOR
El Salvador. * La Revista de la Asociación Salvadoreña de Cardiología se editó en el periodo 2003-2005|EL SALVADOR
ELVAS|PORTUGAL
EMILIOAZ UFMT BR|BRAZIL
emilioaz@ufmt.br|BRAZIL
EMIRATOS ARABES UNIDOS|U ARAB EMIRATES
EMIRATOS ÁRABES UNIDOS|U ARAB EMIRATES
Emiratos Árabes Unidos|U ARAB EMIRATES
ENGLAND|ENGLAND
ENGLAND AND WALES|UNITED KINGDOM
ENGLAND UK|ENGLAND
England, UK|ENGLAND
Entre Ríos|ARGENTINA
EPANA|SPAIN
Epaña|SPAIN
EQUADOR|ECUADOR
ERITREA|ERITREA
ESCOCIA|SCOTLAND
Escócia|SCOTLAND
ESCOCIA REINO UNIDO|UNITED KINGDOM
Escocia, Reino Unido|SCOTLAND
ESLOVAQUIA|SLOVAKIA
Eslováquia|SLOVAKIA
ESLOVENIA|SLOVENIA
Eslovênia|SLOVENIA
ESPA NTILDE A|SPAIN
Espa&ntilde;a|SPAIN
ESPAA A|SPAIN
España|SPAIN
ESPAIN|SPAIN
ESPAN|SPAIN
Españ|SPAIN
ESPANA|SPAIN
Espanã|SPAIN
ESPAÑA|SPAIN
España|SPAIN
españa|SPAIN
Espãna|SPAIN
Éspaña|SPAIN
España a|SPAIN
España.|SPAIN
España;|SPAIN
ESPANHA|SPAIN
ESPANHAL|SPAIN
ESPANYA|SPAIN
ESPNAA|SPAIN
Espñaa|SPAIN
Est. Unidos|USA
ESTADO DE MEXICO|MEXICO
Estado de México|MEXICO
Estado de México, México|MEXICO
Estado Libre Asociado de Puerto Rico|PUERTO RICO
ESTADOS|USA
ESTADOS UNIDO|USA
ESTADOS UNIDOS|USA
ESTADOS UNIDOS DA AMERICA|USA
Estados Unidos da América|USA
ESTADOS UNIDOS DE AMERICA|USA
Estados Unidos de América|USA
Estados Unidos de América (EUA)|USA
ESTADOS UNIDOS DE NORTE AMERICA|USA
Estados Unidos de Norte América|USA
ESTADOS UNIDOS DE NORTEAMERICA|USA
Estados Unidos de Norteamérica|USA
ESTONIA|ESTONIA
ETHIOPIA|ETHIOPIA
ETIOPIA|ETHIOPIA
Etiopía|ETHIOPIA
Etiópia|ETHIOPIA
EU|USA
EUA|USA
EUA.|USA
EUROLAND|GERMANY
F.R.G|GERMANY
FAISLABAD|PAKISTAN
FCUNHA SC USP BR|BRAZIL
fcunha@sc.usp.br|BRAZIL
Fed. Rep. Germany|GERMANY
FEDERACIÓN RUSA|RUSSIAN
Federal Republic of Germany|GERMANY
FIJI|FIJI
Fiji Islands|FIJI
FINLAND|FINLAND
FINLANDIA|FINLAND
Finlândia|FINLAND
FLORIDA|USA
FR|FRANCE
FRANCA|FRANCE
FRANÇA|FRANCE
França|FRANCE
FRANCE|FRANCE
France.|FRANCE
France. <A NAME="BM_"></A>|FRANCE
Frances.af|FRANCE
FRANCIA|FRANCE
Francia.|FRANCE
FRENCH|FRANCE
FRENCH GUIANA|FRENCH GUIANA
French-Guiana|FRENCH GUIANA
FRG|GERMANY
G B|UNITED KINGDOM
G. B.|GERMANY
GA|USA
GABON|GABON
GABRIELA FIOCRUZ BR|BRAZIL
gabriela@fiocruz.br|BRAZIL
GALES|WALES
GAMBIA|GAMBIA
Ga-Rankuwa|SOUTH AFRICA
GAUTENG|SOUTH AFRICA
GAZIPUR|BANGLADESH
GEMANY|GERMANY
GERMAN|GERMANY
GERMANY|GERMANY
Germany-W|GERMANY
GHANA|GHANA
GINEBRA|SWITZERLAND
GO|BRAZIL
GOIANIA|BRAZIL
Goiânia|BRAZIL
GOIAS|BRAZIL
Goiás|BRAZIL
GOTTINGEN|GERMANY
Göttingen|GERMANY
GRA BRETANHA|UNITED KINGDOM
Grã-Bretanha|UNITED KIGDOM
GRAN BRETANA|UNITED KINGDOM
Gran Bretaña|UNITED KIGDOM
GRAN DUCADO DE LUXEMBURGO|LUXEMBOURG
GRAND DUCHY OF LUXEMBOURG|LUXEMBOURG
Grand-duchy of Luxembourg|LUXEMBOURG
GRANMA|CUBA
GREAT BRITAIN|UNITED KINGDOM
GRECE|GREECE
Grèce|GREECE
GRECIA|GREECE
Grécia|GREECE
GREECE|GREECE
Greenland|DENMARK
GRERMANY|GERMANY
GUADELOUPE|GUADELOUPE
GUADELOUPE FWI|GUADELOUPE
GUADELOUPE, (FWI)|GUADELOUPE
Guam|USA
GUARICO|VENEZUELA
Guárico|VENEZUELA
GUATEMALA|GUATEMALA
GUIANA FRANCESA|FRENCH GUIANA
GUINEA|GUINEA
GUINEA BISSAU|GUINEA BISSAU
Guinea-Bissau|GUINEA BISSAU
GUIPUZCOA|SPAIN
Guipúzcoa|SPAIN
GUYANA|GUYANA
GUYANE FANCAISE|FRENCH GUIANA
Guyane Fançaise|FRENCH GUIANA
GUYANE FRANCAISE|FRENCH GUIANA
Guyane Française|FRENCH GUIANA
HABANA|CUBA
Habana-Cuba¹|CUBA
HAITI|HAITI
Haití|HAITI
HAWAII|USA
HILE|CHILE
HOLANDA|NETHERLANDS
HOLANDA PAISES BAIXOS|NETHERLANDS
Holanda/Países Baixos|NETHERLANDS
HOLLAND|NETHERLANDS
HONDURAS|HONDURAS
HONG KONG|PEOPLES R CHINA
HOUSTON|USA
HUNGARY|HUNGARY
HUNGRIA|HUNGARY
Hungría|HUNGARY
HUNGRÍA|HUNGARY
I R|IRAN
I R IRAN|IRAN
I RDC|ZAIRE
I. R. Iran|IRAN
I.R|IRAN
I.R. Iran|IRAN
I/RDC|ZAIRE
ICELAND|ICELAND
INDIA|INDIA
Índia|INDIA
India.|INDIA
INDIAN|INDIA
INDONESIA|INDONESIA
Indonésia|INDONESIA
INGLATERRA|ENGLAND
INSILVA SC USP BR|BRAZIL
insilva@sc.usp.br|BRAZIL
IOWA|USA
IRA|IRAN
Irã|IRAN
IRAN|IRAN
Irán|IRAN
IRÁN|IRAN
Iran.|IRAN
IRAQ|IRAQ
IRELAND|IRELAND
IRLANDA|IRELAND
IRLANDA DO NORTE|NORTH IRELAND
ISLAMIC REPUBLIC OF IRAN|IRAN
Islamic Republic of Iran.|IRAN
ISLAS CANARIAS|SPAIN
ISRAEL|ISRAEL
ISTANBUL TURKEY|TURKEY
IT|ITALY
ITA|ITALY
ITALIA|ITALY
Itália|ITALY
ITÁLIA|ITALY
ITALIE|ITALY
ITALY|ITALY
JABOTICABAL|BRAZIL
JAIPUR|INDIA
JALISCO|MEXICO
Jalisco/Mexico|MEXICO
JAMAICA|JAMAICA
JAPAN|JAPAN
JAPAO|JAPAN
Japão|JAPAN
JAPON|JAPAN
JAPÓN|JAPAN
Japón|JAPAN
JERUSALEM|ISRAEL
JORDAN|JORDAN
JORDANIA|JORDAN
Jordânia|JORDAN
JOSCAR CPAFRR EMBRAPA BR|BRAZIL
joscar@cpafrr.embrapa.br|BRAZIL
jpereiramotta@yahoo.com.br|BRAZIL
KATIA IFF FIOCRUZ BR|BRAZIL
katia@iff.fiocruz.br|BRAZIL
KAZAKHSTAN|KAZAKHSTAN
Kenia|KENYA
KENNETH UERJ|BRAZIL
kenneth@uerj|BRAZIL
KENTUCKY|USA
KENYA|KENYA
KINGDOM OF BAHRAIN|BAHRAIN
KINGDOM OF SAUDI ARABIA|SAUDI ARABIA
KOREA|SOUTH KOREA
KOSOVA|KOSOVO
KOSOVO|KOSOVO
KSA|SAUDI ARABIA
KSA KINGDOM OF SAUDI ARABIA|SAUDI ARABIA
KUWAIT|KUWAIT
KWAIT|KUWAIT
KYRGYZSTAN|KYRGYZSTAN
L|BRAZIL
La Coruña|SPAIN
LA HABANA|CUBA
LANUS|ARGENTINA
Lanús|ARGENTINA
LAO PDR|LAOS
LAO PEOPLE S DEMOCRATIC REPUBLIC|LAOS
Lao People's Democratic Republic|LAOS
LAOS|LAOS
LATVIA|LATVIA
LEBANO|LEBANON
LEBANON|LEBANON
LESOTHO|LESOTHO
LETONIA|LATVIA
Liban|LEBANON
LIBANO|LEBANON
Líbano|LEBANON
LIBERIA|LIBERIA
LIBIA|LIBYA
LIBYA|LIBYA
Limpopo|SOUTH AFRICA
LISBOA|PORTUGAL
LISBON|PORTUGAL
LITHUANIA|LITHUANIA
LITUANIA|LITHUANIA
LONDON|ENGLAND
LONDRES|ENGLAND
LOUGHBOROUGH|ENGLAND
LSDIAS UEVORA PT|PORTUGAL
lsdias@uevora.pt|PORTUGAL
LUXEMBOURG|LUXEMBOURG
Luxemburg|LUXEMBOURG
MA A A XICO|MEXICO
MA XICO|MEXICO
M�xico|MEXICO
México|MEXICO
Macao|MACAO
MACEDONIA|MACEDONIA
Macedônia|MACEDONIA
MADAGASCAR|MADAGASCAR
Madri|SPAIN
MADRID|SPAIN
MADURAI|INDIA
MALAGA|SPAIN
Málaga|SPAIN
MALASIA|MALAYSIA
MALASYA|MALAYSIA
MALAWI|MALAWI
MALAYASIA|MALAYSIA
MALAYSIA|MALAYSIA
MALI|MALI
Malí|MALI
MALTA|MALTA
MANAUS|BRAZIL
MANIZALES|COLOMBIA
mariane_ohl@yahoo.com.br|BRAZIL
MARISABELALBERS YAHOO ES|VENEZUELA
marisabelalbers@yahoo.es|VENEZUELA
MARO|MOROCCO
MAROC|MOROCCO
MAROCCO|MOROCCO
MARROCOS|MOROCCO
MARRUECOS|MOROCCO
MARSHALL ISLAND|MARSHALL ISLAND
MARTINICA|MARTINIQUE
MARTINIQUE|MARTINIQUE
MARYLAND|USA
MATANZAS|CUBA
MAURITIUS|MAURITIUS
MCORTESRO UNAL EDU CO|COLOMBIA
mcortesro@unal.edu.co|COLOMBIA
ME XICO|MEXICO
Mé xico|MEXICO
ME&#769;XICO|MEXICO
MEDELLIN|COLOMBIA
Medellín|COLOMBIA
MEJICO|MEXICO
Méjico|MEXICO
MERIDA|VENEZUELA
Mérida|VENEZUELA
MEX|MEXICO
Méx|MEXICO
Mex.|MEXICO
MEXIC|MEXICO
Méxic|MEXICO
MEXICO|MEXICO
MÉXICO|MEXICO
México|MEXICO
MÉXICO|MEXICO
Mèxico|MEXICO
MÈxico|MEXICO
Mëxico|MEXICO
MEXICO C P|MEXICO
MEXICO D F|MEXICO
México D. F.|MEXICO
México D.F|MEXICO
México D.F.|MEXICO
MEXICO DF|MEXICO
Mexico,|MEXICO
México,|MEXICO
México, C.P|MEXICO
México, D. F|MEXICO
México, D. F.|MEXICO
México, D.F|MEXICO
México, D.F.|MEXICO
México, DF|MEXICO
Mexico.|MEXICO
México.|MEXICO
México;|MEXICO
MEXIQUE|MEXICO
MG|BRAZIL
MG BRASIL|BRAZIL
MG-Brasil|BRAZIL
MINAS GERAIS|BRAZIL
MIRANDA|VENEZUELA
MOCAMBIQUE|MOZAMBIQUE
Moçambique|MOZAMBIQUE
MOLDOVA|MOLDOVA
MONGOL PEO REP|MONGOL PEO REP
MONGOLIA|MONGOL PEO REP
MONTERIA|COLOMBIA
Montería|COLOMBIA
MOROCCO|MOROCCO
Morocco<A NAME="BM3"></A>|MOROCCO
MORROCCO|MOROCCO
MOZAMBIQUE|MOZAMBIQUE
MS|BRAZIL
MT|BRAZIL
MUYIWAKING YAHOO COM|NIGERIA
muyiwaking@yahoo.com|NIGERIA
MX|MEXICO
MYANMAR|MYANMAR
NAIGERIA|NIGERIA
Nairobi|KENYA
NAMIBIA|NAMIBIA
Nariño|COLOMBIA
NAVARRA|SPAIN
NAYARIT MEXICO|MEXICO
Nayarit México|MEXICO
Nederland|NETHERLANDS
NEDERLANDS|NETHERLANDS
NEPA|NEPAL
NEPAL|NEPAL
NETH ANTILLES|NETH ANTILLES
Netherland|NETHERLANDS
NETHERLANDS|NETHERLANDS
NETHERLANDS ANTILLES|NETH ANTILLES
Netherlands-Antilles|NETH ANTILLES
NEW CALEDONIA|NEW CALEDONIA
NEW MEXICO|MEXICO
New York|USA
NEW ZEALAND|NEW ZEALAND
NEW ZELAND|NEW ZEALAND
NICARAGUA|NICARAGUA
Nicaraguá|NICARAGUA
Nicarágua|SAUDI ARABIA
NICOLETI UTFPR EDU BR|BRAZIL
nicoleti@utfpr.edu.br|BRAZIL
NIGARAGUA|NICARAGUA
NIGER|NIGER
NIGERIA|NIGERIA
Nigéria|NIGERIA
NIGERIS|NIGERIA
NORTH IRELAND|NORTH IRELAND
NORTHERN IRELAND|NORTH IRELAND
NORUEGA|NORWAY
NORW AY|NORWAY
NORWAY|NORWAY
NORWICH|UNITED KINGDOM
Nouvelle Calédonie|NEW CALEDONIA
NOVA ZELANDIA|NEW ZEALAND
Nova Zelândia|NEW ZEALAND
NR4 7TJ|UNITED KINGDOM
NUEVA ZELANDA|NEW ZEALAND
NUEVA ZELANDIA|NEW ZEALAND
Nuevo Leon/Mexico|MEXICO
NY|USA
ODISHA INDIA|INDIA
OEIRAS|PORTUGAL
OMAN|OMAN
OSHUN STATE|NIGERIA
outh Africa|SOUTH AFRICA
P R|PUERTO RICO
P R CHINA|PEOPLES R CHINA
P R OF CHINA|PEOPLES R CHINA
P. R . China|PEOPLES R CHINA
P. R. China|PEOPLES R CHINA
P. R. CHINA|PEOPLES R CHINA
P. R. of China|PEOPLES R CHINA
P. R.China|PEOPLES R CHINA
P.R China|PEOPLES R CHINA
P.R.|PEOPLES R CHINA
P.R. China|PEOPLES R CHINA
P.R. China.|PEOPLES R CHINA
P.R.China|PEOPLES R CHINA
PA|BRAZIL
PAIS DE GALES|WALES
País de Gales|WALES
PAIS VASCO|SPAIN
País Vasco|SPAIN
PAISES BAIXOS|NETHERLANDS
Países Baixos|NETHERLANDS
PAISES BAJOS|NETHERLANDS
PAÍSES BAJOS|NETHERLANDS
Países Bajos|NETHERLANDS
Países-Baixos|NETHERLANDS
PAKISTA|PAKISTAN
PAKISTAN|PAKISTAN
Pakistán|PAKISTAN
PAKISTANA|PAKISTAN
Pakistaná|PAKISTAN
PAKSITAN|PAKISTAN
PALESTINA|PALESTINE
PALESTINE|PALESTINE
PANAMA|PANAMA
Panamá|PANAMA
PANAMA BRASIL|BRAZIL
Panamá.|PANAMA
Panamá-Brasil|BRAZIL
PAPUA N GUINEA|PAPUA N GUINEA
PAPUA NEW GUINEA|PAPUA N GUINEA
PARA|BRAZIL
Pará|BRAZIL
PARAGUAI|PARAGUAY
Paraguái|PARAGUAY
PARAGUAY|PARAGUAY
PARAIBA|BRAZIL
Paraíba|BRAZIL
PARANA|BRAZIL
Paraná|BRAZIL
PARIS|FRANCE
PAULO FCT UNESP BR|BRAZIL
paulo@fct.unesp.br|BRAZIL
PB|BRAZIL
PE|BRAZIL
PE BRAZIL|BRAZIL
PE-Brazil|BRAZIL
Pelotas|BRAZIL
PENNSYLVANIA|USA
PEOPLE REPUBLIC OF CHINA|PEOPLES R CHINA
People' Republic of China|PEOPLES R CHINA
PEOPLE RSQUO S REPUBLIC OF CHINA|PEOPLES R CHINA
PEOPLE S REPUBLIC OF CHINA|PEOPLES R CHINA
People 's Republic of China|PEOPLES R CHINA
People&#146;s Republic of China|PEOPLES R CHINA
People&rsquo;s Republic of China|PEOPLES R CHINA
People’s Republic of China|PEOPLES R CHINA
PEOPLES R CHINA|PEOPLES R CHINA
People's Republic of China|PEOPLES R CHINA
People's Republic Of China|PEOPLES R CHINA
Pernambuco|BRAZIL
PERU|PERU
Perú|PERU
PERÚ|PERU
Perú.|PERU
PHILIPPINES|PHILIPPINES
PIAUI|BRAZIL
Piauí|BRAZIL
PINAR DEL RIO|CUBA
PINAR DEL RÍO|CUBA
Pinar del Río|CUBA
PIRACICABA|BRAZIL
POLAND|POLAND
Polokwane|SOUTH AFRICA
POLONIA|POLAND
Polônia|POLAND
POLYNESIE FRANCAISE|FR POLYNESIA
Polynésie Française|FR POLYNESIA
Pontevedra|SPAIN
POPULAR REPUBLIC OF CHINA|PEOPLES R CHINA
PORTO ALEGRE|BRAZIL
PORTUGA|PORTUGAL
PORTUGAL|PORTUGAL
¬Portugal|PORTUGAL
Portugal.|PORTUGAL
PORTUGL|PORTUGAL
PORTUGUAL|PORTUGAL
Porugal|PORTUGAL
POSTUGAL|PORTUGAL
PR|PUERTO RICO
PR CHINA|PEOPLES R CHINA
PR, China|PEOPLES R CHINA
PRC|PEOPLES R CHINA
PRINCIPADO DE ANDORRA|ANDORRA
PRINCIPADO DE ASTURIAS|SPAIN
Principality of Andorra|ANDORRA
PRINCIPAT D ANDORRA|ANDORRA
Principat d'Andorra|ANDORRA
PT|PORTUGAL
PUE|MEXICO
PUEBLA|MEXICO
PUERTO RICO|PUERTO RICO
Puerto, Rico|PUERTO RICO
QATAR|QATAR
QUEBEC|CANADA
Québec|CANADA
Quênia|KENYA
R ARGENTINA|ARGENTINA
R D CONGO|ZAIRE
R O CHINA|PEOPLES R CHINA
R O DEL URUGUAY|URUGUAY
R P CHINA|PEOPLES R CHINA
R. Argentina|ARGENTINA
R. D. Congo|ZAIRE
R. O. del Uruguay|URUGUAY
R.O. China|PEOPLES R CHINA
R.O. del Uruguay|URUGUAY
R.O.C.|PEOPLES R CHINA
R.P. China|PEOPLES R CHINA
RAJASTHAN|INDIA
RAPUBLICA ARGENTINA|ARGENTINA
Rapública Argentina|ARGENTINA
RAREIS FCAV UNESP BR|BRAZIL
rareis@fcav.unesp.br|BRAZIL
RASIL|BRAZIL
RAZIL|BRAZIL
RBUSQUET UFRRJ BR|BRAZIL
rbusquet@ufrrj.br|BRAZIL
REINO UNIDO|UNITED KINGDOM
REP ARGENTINA|ARGENTINA
REP DE PANAMA|PANAMA
REP DEL URUGUAY|URUGUAY
Rep. Argentina|ARGENTINA
Rep. de Panamá|PANAMA
Rep. De Panamá|PANAMA
Rep. del Uruguay|URUGUAY
Rep. Dominicana|DOMINICAN REP
Rep.Argentina|ARGENTINA
República Argentina|ARGENTINA
Repúbica Agentina|ARGENTINA
REPUBLIC CHINA|PEOPLES R CHINA
REPUBLIC OF ARMENIA|ARMENIA
REPUBLIC OF CHINA|PEOPLES R CHINA
REPUBLIC OF INDIA|INDIA
Republic of Indonesia|INDONESIA
Republic of Ireland|IRELAND
REPUBLIC OF KOREA|SOUTH KOREA
REPUBLIC OF MACEDONIA|MACEDONIA
REPUBLIC OF MOLDOVA|MOLDOVA
REPUBLIC OF PANAMA|PANAMA
Republic of Panamá|PANAMA
REPUBLIC OF SERBIA|SERBIA
Republic of Singapore|SINGAPORE
REPUBLIC OF SLOVENIA|SLOVENIA
REPUBLIC OF SOUTH AFRICA|SOUTH AFRICA
REPUBLIC OF SOUTH SUDAN|SOUTH SUDAN
REPUBLIC OF TANZANIA|TANZANIA
REPUBLIC OF THE CONGO|CONGO
REPUBLIC OF TRINIDAD AND TOBAGO|TRINID TOBAGO
Republic of Yemen|YEMEN
REPUBLICA ARGENTINA|ARGENTINA
República Argentina|ARGENTINA
REPUBLICA BOLIVARIANA DE VENEZUELA|VENEZUELA
República Bolivariana de Venezuela|VENEZUELA
REPUBLICA BOLIVARIANA DE VENZUELA|VENEZUELA
República Bolivariana de Venzuela|VENEZUELA
REPUBLICA CHEC|CZECH REPUBLIC
República Chec|CZECH REPUBLIC
REPUBLICA CHECA|CZECH REPUBLIC
República Checa|CZECH REPUBLIC
REPÚBLICA CHECA|CZECH REPUBLIC
REPUBLICA DA COREIA|SOUTH KOREA
República da Coreia|SOUTH KOREA
REPUBLICA DE ANGOLA|ANGOLA
República de Angola|ANGOLA
REPUBLICA DE ARGENTINA|ARGENTINA
República de Argentina|ARGENTINA
REPUBLICA DE CUBA|CUBA
República de Cuba|CUBA
República de El Salvador|EL SALVADOR
REPUBLICA DE HONDURAS|HONDURAS
República de Honduras|HONDURAS
REPUBLICA DE MEXICO|MEXICO
República de México|MEXICO
REPUBLICA DE PANAMA|PANAMA
Republica de Panamá|PANAMA
República de Panamá|PANAMA
REPUBLICA DE YEMEN|YEMEN
República de Yemen|YEMEN
REPUBLICA DEL ECUADOR|ECUADOR
República del Ecuador|ECUADOR
REPUBLICA DEL PERU|PERU
República del Perú|PERU
REPUBLICA DO PANAMA|PANAMA
República do Panamá|PANAMA
REPUBLICA DOMINICANA|DOMINICAN REP
República Dominicana|DOMINICAN REP
REPUBLICA ESLOVACA|SLOVAKIA
República Eslovaca|SLOVAKIA
República Federal Alemã|GERMANY
República Federal Alemana|GERMANY
REPUBLICA FEDERAL DA ALEMANHA|GERMANY
República Federal da Alemanha|GERMANY
REPUBLICA FEDERAL DE ALEMANIA|GERMANY
República Federal de Alemania|GERMANY
REPUBLICA ORIENTAL DEL URUGUAY|URUGUAY
República Oriental del Uruguay|URUGUAY
REPUBLICA ORIENTAL DELURUGUAY|URUGUAY
República Oriental delUruguay|URUGUAY
REPUBLICA POPULAR CHINA|PEOPLES R CHINA
República Popular China|PEOPLES R CHINA
REPUBLICA POPULAR DA CHINA|PEOPLES R CHINA
República Popular da China|PEOPLES R CHINA
REPUBLICA POPULAR DE CHINA|PEOPLES R CHINA
República Popular de China|PEOPLES R CHINA
REPUBLICA TCHECA|CZECH REPUBLIC
República Tcheca|CZECH REPUBLIC
République de Guinée|GUINEA
République Tunisienne|TUNISIA
RICA|COSTA RICA
RIO BRANCO|BRAZIL
Rio Claro|BRAZIL
RIO DE JANEIRO|BRAZIL
RIO GRANDE DO SUL|BRAZIL
RJ|BRAZIL
RK|UNITED KINGDOM
RN|BRAZIL
RODRIGUESAGUIAR UTFPR EDU BR|BRAZIL
rodriguesaguiar@utfpr.edu.br|BRAZIL
ROMA|ITALY
ROMANIA|ROMANIA
România|ROMANIA
ROMENIA|ROMANIA
Romênia|ROMANIA
RS|BRAZIL
RS BRASIL|BRAZIL
RS-Brasil|BRAZIL
RU|UNITED KINGDOM
RUMANIA|ROMANIA
Rumanía|ROMANIA
RUSIA|RUSSIA
RUSSIA|RUSSIA
Rússia|RUSSIAN
RUSSIAN|RUSSIA
RUSSIAN FEDERATION|RUSSIA
RWANDA|RWANDA
S L P|MEXICO
S.L.P|MEXICO
S.L.P.|MEXICO
Samoa|SAMOA
SAN JOSE|COSTA RICA
San José|COSTA RICA
SAN SALVADOR|EL SALVADOR
SANTA CATARINA|BRAZIL
SANTANDER|COLOMBIA
SANTIAGO|CHILE
SANTIAGO DE CHILE|CHILE
SANTO DOMINGO REPUBLICA DOMINICANA|DOMINICAN REP
Santo Domingo, República Dominicana|DOMINICAN REP
SAO PAULO|BRAZIL
São Paulo|BRAZIL
SAUDI ARABIA|SAUDI ARABIA
Saudi Arábia|SAUDI ARABIA
SAUDIA ARABIA|SAUDI ARABIA
SC|BRAZIL
SCHWEIZ|SWITZERLAND
SCOTLAND|UNITED KINGDOM
SCOTLAND UK|UNITED KINGDOM
Scotland, U.K.|UNITED KINGDOM
Scotland, UK|UNITED KINGDOM
SELANGOR DARUL EHSAN|MALAYSIA
SENEGAL|SENEGAL
Sénégal|SENEGAL
SERBIA|SERBIA
Serbia & Montenegro|SERBIA MONTENEG
SERBIA AND MONTENEGRO|SERBIA MONTENEG
SERBIA MONTENEG|SERBIA MONTENEG
SERBIA MONTENEGRO|SERBIA MONTENEG
SERGIPE|BRAZIL
SERVIA|SERBIA
Sérvia|SERBIA
Sevilla|SPAIN
SEYCHELLES|SEYCHELLES
SHAHREKORD|IRAN
SHIRAZ|IRAN
SIDNEY IAC SP GOV BR|BRAZIL
sidney@iac.sp.gov.br|BRAZIL
SIERRA LEONA|SIERRA LEONE
SIERRA LEONE|SIERRA LEONE
SINALOA|MEXICO
SINGAPORE|SINGAPORE
SINGAPUR|SINGAPORE
SINGAPURA|SINGAPORE
SLOVAK REPUBLIC|SLOVAKIA
SLOVAKIA|SLOVAKIA
SLOVENIA|SLOVENIA
SOLOMON ISLANDS|SOLOMON ISLANDS
SOMALIA|SOMALIA
SOUTH AFRICA|SOUTH AFRICA
South África|SOUTH AFRICA
South Africa.|SOUTH AFRICA
SOUTH AFRICAN|SOUTH AFRICA
SOUTH AFRICAS|SOUTH AFRICA
SOUTH AUSTRALIA|AUSTRALIA
SOUTH KOREA|SOUTH KOREA
SOUTH SUDAN|SOUTH SUDAN
SOUTHERN AFRICA|SOUTH AFRICA
SP|BRAZIL
SP BRAZIL|BRAZIL
SP, Brazil|BRAZIL
Spai|SPAIN
SPAIN|SPAIN
SPANA|SPAIN
Spaña|SPAIN
SRI LANKA|SRI LANKA
ST LUCIA|ST LUCIA
STANLEY CNPTIA EMBRAPA BR|BRAZIL
stanley@cnptia.embrapa.br|BRAZIL
STATE OF KUWAIT|KUWAIT
STATE OF QATAR|QATAR
States of America|USA
Stuttgart|GERMANY
SUCRE|BOLIVIA
SUDAFRICA|SOUTH AFRICA
SUDÁFRICA|SOUTH AFRICA
Sudáfrica|SOUTH AFRICA
SUDAN|SUDAN
SUDAO|SUDAN
Sudão|SUDAN
SUECIA|SWEDEN
Suécia|SWEDEN
SUICA|SWITZERLAND
Suiça|SWITZERLAND
Suíça|SWITZERLAND
Suid-Afrika|SOUTH AFRICA
Suid-Afrika.|SOUTH AFRICA
SUISSE|SWITZERLAND
SUIZA|SWITZERLAND
SULTANATE OF OMAN|OMAN
SUR DE AFRICA|SOUTH AFRICA
sur de África|SOUTH AFRICA
SURINAM|SURINAM
SURINAME|SURINAM
Surrey KT15 3NB, United Kingdom|UNITED KIGDOM
SWAZILAND|SWITZERLAND
SWEDEN|SWEDEN
SWIRZERLAND|SWITZERLAND
SWITERLAND|SWITZERLAND
SWITZERLAN|SWITZERLAND
SWITZERLAND|SWITZERLAND
SYDNEY|AUSTRALIA
SYRIA|SYRIA
TAILANDIA|THAILAND
Tailândia|THAILAND
TAIWAN|TAIWAN
TAIWAN R O C|TAIWAN
TAIWAN REPUBLIC OF CHINA|TAIWAN
TAIWAN ROC|TAIWAN
Taiwan, R.O.C.|TAIWAN
Taiwan-Republic of China|PEOPLES R CHINA
TALCA|CHILE
TALY|ITALY
TANZANIA|TANZANIA
Tanzanía|TANZANIA
Tanzânia|TANZANIA
TARRAGONA|SPAIN
TEXAS|USA
THAILAND|THAILAND
Thaïland|THAILAND
THALIAND|THAILAND
The  Netherlands|NETHERLNDS
THE CONGO|CONGO
THE CZECH REPUBLIC|CZECH REPUBLIC
THE GAMBIA|GAMBIA
THE ISLAMIC REPUBLIC OF IRAN|IRAN
THE LAO PEOPLE S DEMOCRATIC REPUBLIC|LAOS
the Lao People's Democratic Republic|LAOS
The Nederlands|NETHERLNDS
THE NETHERLAN DS|NETHERLANDS
The Netherland|NETHERLNDS
THE NETHERLANDS|NETHERLANDS
The Netherlands,|NETHERLNDS
THE NETHERTLANDS|NETHERLANDS
THE PEOPLE S REPUBLIC OF CHINA|PEOPLES R CHINA
the People's Republic of China|PEOPLES R CHINA
THE PHILIPPINES|PHILIPPINES
THE REPUBLIC OF THE MARSHALL ISLANDS|MARSHALL ISLAND
THE RUSSIAN FEDERATION|RUSSIA
THE SUDAN|SUDAN
THE UNITED REPUBLIC OF TANZANIA|TANZANIA
THE UNITED STATES|USA
TIMOR LESTE|TIMOR-LESTE
Timor-Leste|TIMOR-LESTE
TOBAGO|TRINID TOBAGO
TOGO|TOGO
TOLIMA|COLOMBIA
Tonga|TONGA
TRINID TOBAGO|TRINID TOBAGO
TRINIDAD|TRINID TOBAGO
Trinidad & Tobago|TRINID TOBAGO
TRINIDAD AND TOBAGO|TRINID TOBAGO
TRINIDAD TOBAGO|TRINID TOBAGO
Trinidad y Tabago|TRINID TOBAGO
TRINIDAD Y TOBAGO|TRINID TOBAGO
TUNES|TUNISIA
TUNEZ|TUNISIA
Túnez|TUNISIA
TUNISIA|TUNISIA
Tunisia.|TUNISIA
TUNISIE|TUNISIA
TURKEY|TURKEY
TURKIA|TURKEY
Turkía|TURKEY
TURKIYE|TURKEY
Türkiye|TURKEY
TURQUIA|TURKEY
Turquía|TURKEY
Tyne and Wear|ENGLAND
U|USA
U .S.A|USA
U ARAB EMIRATES|U ARAB EMIRATES
U K|UNITED KINGDOM
U S|USA
U S A|USA
U. K|UNITED KINGDOM
U. K.|UNITED KINGDOM
U. S. A|USA
U. S. A.|USA
U.K|UNITED KINGDOM
U.K.|UNITED KINGDOM
U.S|USA
U.S.|USA
U.S.A|USA
U.S.A.|USA
UAE|U ARAB EMIRATES
UCRANIA|UKRAINE
Ucrânia|UKRAINE
UEA|USA
UGANDA|UGANDA
UK|UNITED KINGDOM
UK.|UNITED KINGDOM
UKRAINE|UKRAINE
União Soviética|RUSSIAN
UNIDET STATES|USA
UNITED ARAB EMIRATES|U ARAB EMIRATES
United Arab Emirates (UAE)|U ARAB EMIRATES
UNITED ARAB EMIRATES UAE|U ARAB EMIRATES
UNITED KINDGOM|UNITED KINGDOM
United Kindom|UNITED KIGDOM
UNITED KING|UNITED KINGDOM
UNITED KINGDOM|UNITED KINGDOM
UNITED KINGDON|UNITED KINGDOM
United Kingdow|UNITED KIGDOM
United Kingdown|UNITED KIGDOM
UNITED OF STATES|USA
UNITED REPUBLIC OF TANZANIA|TANZANIA
UNITED SATES|USA
UNITED STATE|USA
UNITED STATE OF AMERICA|USA
UNITED STATED|USA
UNITED STATES|USA
UNITED STATES OF AMERIC|USA
UNITED STATES OF AMERICA|USA
United States of América|USA
United States of America (USA)|USA
UNITED STATES OF AMERICA USA|USA
UNITED STATUS OF AMERICA|USA
UNITES STATES|USA
UNITES STATES OF AMERICA|USA
Universidad de Costa Rica|COSTA RICA
University of South Africa|SOUTH AFRICA
URUGUAI|URUGUAY
URUGUAY|URUGUAY
Uruguay.|URUGUAY
US|USA
US.|USA
USA|USA
USA.|USA
USSR|RUSSIAN
UTRECHT NETHERLANDS|NETHERLANDS
UTS|AUSTRALIA
UZBEKISTAN|UZBEKISTAN
VALENCIA|SPAIN
VALLE|COLOMBIA
Van Turkey|TURKEY
VECEZUELA|VENEZUELA
VENAZUELA|VENEZUELA
VENEZELA|VENEZUELA
Venezolana|VENEZUELA
Venezuala|VENEZUELA
VENEZUEL|VENEZUELA
VENEZUELA|VENEZUELA
VENEZUELA SAYAGOZ YAHOO ES|VENEZUELA
Venezuela sayagoz@yahoo.es|VENEZUELA
Venezuela,|VENEZUELA
Venezuela.|VENEZUELA
Venezuela. *|VENEZUELA
Venezuela;|VENEZUELA
Venezuelo|VENEZUELA
VENEZULEA|VENEZUELA
VENZUELA|VENEZUELA
VERACRUZ|MEXICO
VICHIATO HOTMAIL COM|BRAZIL
vichiato@hotmail.com|BRAZIL
VICOSA|BRAZIL
Viçosa|BRAZIL
VIET NAM|VIETNAM
VIETNAM|VIETNAM
Vietnam.|VIETNAM
VILLA CLARA|CUBA
VIRGINIA|USA
VZLA|VENEZUELA
W Cape|SOUTH AFRICA
WAKNAGHAT|INDIA
WALES|WALES
WARSAW|POLAND
WEST INDIES|WEST INDIES
WESTERN AUSTRALIA|AUSTRALIA
YEMEN|YEMEN
YUGOSLAVIA|YUGOSLAVIA
Zagreb|CROATIA
ZAIRE|ZAIRE
ZAMBIA|ZAMBIA
ZARIA|NIGERIA
Zhejiang/China|PEOPLES R CHINA
ZIL|BRAZIL
ZIMBABWE|ZIMBABWE
ZIMBAWE|ZIMBABWE
ZULIA|VENEZUELA
AFGHANISTAN|AFGHANISTAN
ALBANIA|ALBANIA
ALGERIA|ALGERIA
ANDORRA|ANDORRA
ANGOLA|ANGOLA
ANTIGUA BARBU|ANTIGUA BARBU
ARGENTINA|ARGENTINA
ARMENIA|ARMENIA
AUSTRALIA|AUSTRALIA
AUSTRIA|AUSTRIA
BAHAMAS|BAHAMAS
BAHRAIN|BAHRAIN
BANGLADESH|BANGLADESH
BARBADOS|BARBADOS
BELARUS|BELARUS
BELGIUM|BELGIUM
BELIZE|BELIZE
BENIN|BENIN
BHUTAN|BHUTAN
BOLIVIA|BOLIVIA
BOSNIA HERCEG|BOSNIA HERCEG
BOTSWANA|BOTSWANA
BRAZIL|BRAZIL
BULGARIA|BULGARIA
BURKINA FASO|BURKINA FASO
BURUNDI|BURUNDI
CAMBODIA|CAMBODIA
CAMEROON|CAMEROON
CANADA|CANADA
CAPE VERDE|CAPE VERDE
CENT AFR REPUBL|CENT AFR REPUBL
CHAD|CHAD
CHILE|CHILE
COLOMBIA|COLOMBIA
CONGO|CONGO
COSTA RICA|COSTA RICA
COTE IVOIRE|COTE IVOIRE
CROATIA|CROATIA
CUBA|CUBA
CYPRUS|CYPRUS
CZECH REPUBLIC|CZECH REPUBLIC
DENMARK|DENMARK
DOMINICA|DOMINICA
DOMINICAN REP|DOMINICAN REP
ECUADOR|ECUADOR
EGYPT|EGYPT
EL SALVADOR|EL SALVADOR
ENGLAND|ENGLAND
ERITREA|ERITREA
ESTONIA|ESTONIA
ETHIOPIA|ETHIOPIA
FIJI|FIJI
FINLAND|FINLAND
FR POLYNESIA|FR POLYNESIA
FRANCE|FRANCE
FRENCH GUIANA|FRENCH GUIANA
GABON|GABON
GAMBIA|GAMBIA
GERMANY|GERMANY
GHANA|GHANA
GREECE|GREECE
GUADELOUPE|GUADELOUPE
GUATEMALA|GUATEMALA
GUINEA|GUINEA
GUINEA BISSAU|GUINEA BISSAU
GUYANA|GUYANA
HAITI|HAITI
HONDURAS|HONDURAS
HUNGARY|HUNGARY
ICELAND|ICELAND
INDIA|INDIA
INDONESIA|INDONESIA
IRAN|IRAN
IRAQ|IRAQ
IRELAND|IRELAND
ISRAEL|ISRAEL
ITALY|ITALY
JAMAICA|JAMAICA
JAPAN|JAPAN
JORDAN|JORDAN
KAZAKHSTAN|KAZAKHSTAN
KENYA|KENYA
KOSOVO|KOSOVO
KUWAIT|KUWAIT
KYRGYZSTAN|KYRGYZSTAN
LAOS|LAOS
LATVIA|LATVIA
LEBANON|LEBANON
LESOTHO|LESOTHO
LIBERIA|LIBERIA
LIBYA|LIBYA
LITHUANIA|LITHUANIA
LUXEMBOURG|LUXEMBOURG
MACAO|MACAO
MACEDONIA|MACEDONIA
MADAGASCAR|MADAGASCAR
MALAWI|MALAWI
MALAYSIA|MALAYSIA
MALI|MALI
MALTA|MALTA
MARSHALL ISLAND|MARSHALL ISLAND
MARTINIQUE|MARTINIQUE
MAURITIUS|MAURITIUS
MEXICO|MEXICO
MOLDOVA|MOLDOVA
MONGOL PEO REP|MONGOL PEO REP
MOROCCO|MOROCCO
MOZAMBIQUE|MOZAMBIQUE
MYANMAR|MYANMAR
NAMIBIA|NAMIBIA
NEPAL|NEPAL
NETH ANTILLES|NETH ANTILLES
NETHERLANDS|NETHERLANDS
NETHERLNDS|NETHERLNDS
NEW CALEDONIA|NEW CALEDONIA
NEW ZEALAND|NEW ZEALAND
NICARAGUA|NICARAGUA
NIGER|NIGER
NIGERIA|NIGERIA
NORTH IRELAND|NORTH IRELAND
NORWAY|NORWAY
OMAN|OMAN
PAKISTAN|PAKISTAN
PALESTINE|PALESTINE
PANAMA|PANAMA
PAPUA N GUINEA|PAPUA N GUINEA
PARAGUAY|PARAGUAY
PEOPLES R CHINA|PEOPLES R CHINA
PERU|PERU
PHILIPPINES|PHILIPPINES
POLAND|POLAND
PORTUGAL|PORTUGAL
PUERTO RICO|PUERTO RICO
QATAR|QATAR
ROMANIA|ROMANIA
RUSSIA|RUSSIA
RUSSIAN|RUSSIAN
RWANDA|RWANDA
SAMOA|SAMOA
SAUDI ARABIA|SAUDI ARABIA
SCOTLAND|SCOTLAND
SENEGAL|SENEGAL
SERBIA|SERBIA
SERBIA MONTENEG|SERBIA MONTENEG
SEYCHELLES|SEYCHELLES
SIERRA LEONE|SIERRA LEONE
SINGAPORE|SINGAPORE
SLOVAKIA|SLOVAKIA
SLOVENIA|SLOVENIA
SOLOMON ISLANDS|SOLOMON ISLANDS
SOMALIA|SOMALIA
SOUTH AFRICA|SOUTH AFRICA
SOUTH KOREA|SOUTH KOREA
SOUTH SUDAN|SOUTH SUDAN
SPAIN|SPAIN
SRI LANKA|SRI LANKA
ST LUCIA|ST LUCIA
SUDAN|SUDAN
SURINAM|SURINAM
SWEDEN|SWEDEN
SWITZERLAND|SWITZERLAND
SYRIA|SYRIA
TAIWAN|TAIWAN
TANZANIA|TANZANIA
THAILAND|THAILAND
TIMOR-LESTE|TIMOR-LESTE
TOGO|TOGO
TONGA|TONGA
TRINID TOBAGO|TRINID TOBAGO
TUNISIA|TUNISIA
TURKEY|TURKEY
U ARAB EMIRATES|U ARAB EMIRATES
UGANDA|UGANDA
UKRAINE|UKRAINE
UNITED KIGDOM|UNITED KIGDOM
UNITED KINGDOM|UNITED KINGDOM
URUGUAY|URUGUAY
USA|USA
UZBEKISTAN|UZBEKISTAN
VENEZUELA|VENEZUELA
VIETNAM|VIETNAM
W IND ASSOC ST|W IND ASSOC ST
WALES|WALES
WEST INDIES|WEST INDIES
YEMEN|YEMEN
YUGOSLAVIA|YUGOSLAVIA
ZAIRE|ZAIRE
ZAMBIA|ZAMBIA
ZIMBABWE|ZIMBABWE
-Portugal|PORTUGAL
- BR|BRAZIL
- BRASIL|BRAZIL
- Reino Unido|UNITED KINGDOM
-BR|BRAZIL
- Brasil|BRAZIL
-Venezuela|VENEZUELA
- USA|USA
